{"cameraMode":{"drawMode":0,"name":"Shaded","section":"Shading Mode"},"sceneLighting":false,"audioPlay":false,"sceneViewState":{"showFog":true,"showMaterialUpdate":false,"showSkybox":true,"showFlares":true,"showImageEffects":true,"showParticleSystems":true},"in2DMode":false,"pivot":{"x":41.68727111816406,"y":20.574600219726564,"z":-5.485274314880371},"rotation":{"x":-0.046112243086099628,"y":-0.744290292263031,"z":0.051676128059625629,"w":-0.6643491983413696},"size":24.32395362854004,"orthographic":false}