{"cameraMode":{"drawMode":0,"name":"Shaded","section":"Shading Mode"},"sceneLighting":false,"audioPlay":false,"sceneViewState":{"showFog":true,"showMaterialUpdate":false,"showSkybox":true,"showFlares":true,"showImageEffects":true,"showParticleSystems":true},"in2DMode":false,"pivot":{"x":2.5846691131591799,"y":13.206809997558594,"z":-33.64802932739258},"rotation":{"x":-0.05018945783376694,"y":0.9258695840835571,"z":0.13253356516361237,"w":0.35040175914764407},"size":21.175016403198243,"orthographic":false}