{"cameraMode":{"drawMode":0,"name":"Shaded","section":"Shading Mode"},"sceneLighting":false,"audioPlay":false,"sceneViewState":{"showFog":true,"showMaterialUpdate":false,"showSkybox":true,"showFlares":true,"showImageEffects":true,"showParticleSystems":true},"in2DMode":false,"pivot":{"x":41.570682525634769,"y":20.399999618530275,"z":-4.280000686645508},"rotation":{"x":0.03281797096133232,"y":0.712032675743103,"z":-0.0333552286028862,"w":0.7005935907363892},"size":7.963449478149414,"orthographic":false}
