{"cameraMode":{"drawMode":0,"name":"Shaded","section":"Shading Mode"},"sceneLighting":false,"audioPlay":false,"sceneViewState":{"showFog":true,"showMaterialUpdate":false,"showSkybox":true,"showFlares":true,"showImageEffects":true,"showParticleSystems":true},"in2DMode":false,"pivot":{"x":10.830775260925293,"y":3.400692939758301,"z":-14.350093841552735},"rotation":{"x":0.006574074737727642,"y":0.9512096643447876,"z":0.021197043359279634,"w":-0.30806201696395876},"size":8.861876487731934,"orthographic":false}