{"cameraMode":{"drawMode":0,"name":"Shaded","section":"Shading Mode"},"sceneLighting":false,"audioPlay":false,"sceneViewState":{"showFog":true,"showMaterialUpdate":false,"showSkybox":true,"showFlares":true,"showImageEffects":true,"showParticleSystems":true},"in2DMode":false,"pivot":{"x":0.8199825286865234,"y":17.834278106689454,"z":-1.457611083984375},"rotation":{"x":0.051708463579416278,"y":0.9377283453941345,"z":-0.15933631360530854,"w":0.3043150305747986},"size":5.825608253479004,"orthographic":false}