{"cameraMode":{"drawMode":0,"name":"Shaded","section":"Shading Mode"},"sceneLighting":false,"audioPlay":false,"sceneViewState":{"showFog":true,"showMaterialUpdate":false,"showSkybox":true,"showFlares":true,"showImageEffects":true,"showParticleSystems":true},"in2DMode":false,"pivot":{"x":0.001857757568359375,"y":6.559999942779541,"z":-22.1219539642334},"rotation":{"x":0.006574074737727642,"y":0.9512096643447876,"z":0.021197043359279634,"w":-0.30806201696395876},"size":21.283870697021486,"orthographic":false}