{"cameraMode":{"drawMode":0,"name":"Shaded","section":"Shading Mode"},"sceneLighting":false,"audioPlay":false,"sceneViewState":{"showFog":true,"showMaterialUpdate":false,"showSkybox":true,"showFlares":true,"showImageEffects":true,"showParticleSystems":true},"in2DMode":false,"pivot":{"x":38.287784576416019,"y":-1.5288448333740235,"z":16.439584732055665},"rotation":{"x":0.1594659984111786,"y":0.6475521922111511,"z":-0.1414848119020462,"w":0.7317397594451904},"size":39.28209686279297,"orthographic":false}