{"cameraMode":{"drawMode":0,"name":"Shaded","section":"Shading Mode"},"sceneLighting":false,"audioPlay":false,"sceneViewState":{"showFog":true,"showMaterialUpdate":false,"showSkybox":true,"showFlares":true,"showImageEffects":true,"showParticleSystems":true},"in2DMode":false,"pivot":{"x":0.001857757568359375,"y":6.559999942779541,"z":-22.1219539642334},"rotation":{"x":-0.013152280822396279,"y":0.9590710997581482,"z":-0.2797335684299469,"w":-0.044274020940065387},"size":300.177978515625,"orthographic":false}