{"cameraMode":{"drawMode":0,"name":"Shaded","section":"Shading Mode"},"sceneLighting":false,"audioPlay":false,"sceneViewState":{"showFog":true,"showMaterialUpdate":false,"showSkybox":true,"showFlares":true,"showImageEffects":true,"showParticleSystems":true},"in2DMode":false,"pivot":{"x":7.986125946044922,"y":1.4974675178527833,"z":-22.349609375},"rotation":{"x":-0.030814344063401223,"y":0.9651540517807007,"z":-0.13286614418029786,"w":-0.22363939881324769},"size":12.617355346679688,"orthographic":false}