{"cameraMode":{"drawMode":0,"name":"Shaded","section":"Shading Mode"},"sceneLighting":false,"audioPlay":false,"sceneViewState":{"showFog":true,"showMaterialUpdate":false,"showSkybox":true,"showFlares":true,"showImageEffects":true,"showParticleSystems":true},"in2DMode":false,"pivot":{"x":10.680000305175782,"y":9.479999542236329,"z":-18.100000381469728},"rotation":{"x":-0.018636975437402726,"y":0.9806586503982544,"z":-0.1590448021888733,"w":-0.11343380063772202},"size":1.4507323503494263,"orthographic":false}