{"cameraMode":{"drawMode":0,"name":"Shaded","section":"Shading Mode"},"sceneLighting":false,"audioPlay":false,"sceneViewState":{"showFog":true,"showMaterialUpdate":false,"showSkybox":true,"showFlares":true,"showImageEffects":true,"showParticleSystems":true},"in2DMode":false,"pivot":{"x":0.9919915199279785,"y":9.006356239318848,"z":-15.682208061218262},"rotation":{"x":-0.018636975437402726,"y":0.9806586503982544,"z":-0.1590448021888733,"w":-0.11343380063772202},"size":11.875869750976563,"orthographic":false}